{
  "imdb": {
    "chance": 0.5,
    "zero_shot": 0.946,
    "low_lr": 0.8799999999999999,
    "low_mlp": 0.868,
    "all_lr": 0.924,
    "all_mlp": 0.9259999999999999
  },
  "agnews": {
    "chance": 0.25,
    "zero_shot": 0.842,
    "low_lr": 0.6579999999999999,
    "low_mlp": 0.656,
    "all_lr": 0.71,
    "all_mlp": 0.704
  },
  "bbc": {
    "chance": 0.2,
    "zero_shot": 0.922,
    "low_lr": 0.714,
    "low_mlp": 0.708,
    "all_lr": 0.768,
    "all_mlp": 0.7780000000000001
  },
  "emotion": {
    "chance": 0.16666666666666666,
    "zero_shot": 0.4959839357429719,
    "low_lr": 0.28731313131313135,
    "low_mlp": 0.2993131313131313,
    "all_lr": 0.42389898989898994,
    "all_mlp": 0.37153535353535355
  }
}