{
  "gibberish_mean_over_chance": 0.0577040404040404,
  "a_priori": {
    "pearson_r": 0.559977068784898,
    "pearson_p": 0.00017180345556649674,
    "spearman_r": 0.5893026146989084,
    "spearman_p": 6.312172517675633e-05
  },
  "llm": {
    "pearson_r": 0.4890864281532578,
    "pearson_p": 0.0013622432374137293,
    "spearman_r": 0.5215759849906193,
    "spearman_p": 0.0005577577836175676
  },
  "low_vs_high": {
    "low_mean": 0.06960303030303025,
    "high_mean": 0.11215883838383837,
    "low_min": 0.023984848484848473,
    "gib_mean": 0.0577040404040404,
    "mannwhitney_p": 0.0004600727270090418,
    "low_all_above_gib": false
  }
}