{
  "imdb": {
    "k": [
      1,
      2,
      3,
      4,
      5,
      6,
      7,
      8,
      9,
      10,
      11,
      12,
      13,
      14,
      15,
      16,
      17,
      18,
      19,
      20
    ],
    "mean": [
      0.5888,
      0.6204000000000002,
      0.6768,
      0.7082000000000002,
      0.7244,
      0.7540000000000001,
      0.7842,
      0.7871999999999998,
      0.7924,
      0.7984,
      0.8128,
      0.8248,
      0.8374,
      0.8576,
      0.8714000000000001,
      0.8664,
      0.8782,
      0.8794000000000001,
      0.8806,
      0.8799999999999999
    ],
    "std": [
      0.07394159857617355,
      0.06473824217570322,
      0.09380916799545769,
      0.1044086203337636,
      0.09659730845111575,
      0.08841266877546454,
      0.05909619277076996,
      0.06083551594258077,
      0.05622668405659363,
      0.05482189343683787,
      0.051955365459209306,
      0.044436021424065386,
      0.041027307978954694,
      0.03342813186524189,
      0.019453534383242595,
      0.023096320053203265,
      0.005095095681142794,
      0.0041999999999999885,
      0.0032310988842807033,
      0.0
    ],
    "chance": 0.5
  },
  "agnews": {
    "k": [
      1,
      2,
      3,
      4,
      5,
      6,
      7,
      8,
      9,
      10,
      11,
      12,
      13,
      14,
      15,
      16,
      17,
      18,
      19,
      20
    ],
    "mean": [
      0.3298,
      0.374,
      0.40700000000000014,
      0.43339999999999995,
      0.4652,
      0.4880000000000001,
      0.5199999999999999,
      0.5488,
      0.5581999999999999,
      0.5774000000000001,
      0.5898000000000001,
      0.5995999999999999,
      0.6134000000000001,
      0.62,
      0.6288,
      0.6348,
      0.6436000000000001,
      0.6443999999999999,
      0.6508,
      0.6579999999999998
    ],
    "std": [
      0.029359155301200337,
      0.036364818162614256,
      0.03576870140220358,
      0.04752304704035714,
      0.048917890387873426,
      0.03265578049901731,
      0.026229754097207996,
      0.03149857139617603,
      0.03366244197915538,
      0.0359672072866382,
      0.028389434654462555,
      0.032665578213158845,
      0.025535073918044587,
      0.01835211159512716,
      0.01531535177526134,
      0.016785708206685866,
      0.013646977687385597,
      0.01490771612286738,
      0.013658696863171078,
      1.1102230246251565e-16
    ],
    "chance": 0.25
  },
  "bbc": {
    "k": [
      1,
      2,
      3,
      4,
      5,
      6,
      7,
      8,
      9,
      10,
      11,
      12,
      13,
      14,
      15,
      16,
      17,
      18,
      19,
      20
    ],
    "mean": [
      0.3144,
      0.39,
      0.44139999999999996,
      0.4864,
      0.5278,
      0.5556000000000001,
      0.584,
      0.6,
      0.6242,
      0.6355999999999999,
      0.6472,
      0.6683999999999999,
      0.6815999999999999,
      0.6890000000000001,
      0.6948000000000001,
      0.7073999999999999,
      0.7080000000000001,
      0.7053999999999999,
      0.7101999999999998,
      0.7140000000000001
    ],
    "std": [
      0.050277629220161116,
      0.050477717856495866,
      0.045581136449193524,
      0.05526517891041339,
      0.05454136045241263,
      0.04486245646417504,
      0.04167493251344265,
      0.04065464303127012,
      0.0425342215163273,
      0.042150207591422365,
      0.03330105103446434,
      0.03509757826403412,
      0.030864866758176665,
      0.02564761197460691,
      0.023650792798551135,
      0.02035779948815688,
      0.0172278843738864,
      0.015259095648169973,
      0.008170679286326211,
      1.1102230246251565e-16
    ],
    "chance": 0.2
  },
  "emotion": {
    "k": [
      1,
      2,
      3,
      4,
      5,
      6,
      7,
      8,
      9,
      10,
      11,
      12,
      13,
      14,
      15,
      16,
      17,
      18,
      19,
      20
    ],
    "mean": [
      0.18635757575757578,
      0.2115070707070707,
      0.2173232323232323,
      0.2253737373737374,
      0.229969696969697,
      0.24461414141414145,
      0.2486989898989899,
      0.2599535353535353,
      0.26674949494949496,
      0.280810101010101,
      0.279,
      0.283640404040404,
      0.27883434343434343,
      0.2802484848484849,
      0.28406666666666663,
      0.28527272727272734,
      0.2818282828282829,
      0.2828646464646465,
      0.27945252525252523,
      0.2873131313131313
    ],
    "std": [
      0.019304262470650403,
      0.024294169018535986,
      0.020840083754848266,
      0.01635797632502432,
      0.02609009880759798,
      0.017656545315847105,
      0.015054884319830588,
      0.016227640515564096,
      0.011069027558217703,
      0.014206960504012638,
      0.009752656810625001,
      0.00983646632631846,
      0.012732081983778967,
      0.013020220200440257,
      0.011444137041526657,
      0.009416906863944008,
      0.014334845201832999,
      0.010425596184901437,
      0.009405304084610315,
      5.551115123125783e-17
    ],
    "chance": 0.16666666666666666
  }
}